{"cameraMode":{"drawMode":0,"name":"Shaded","section":"Shading Mode"},"sceneLighting":true,"audioPlay":false,"sceneViewState":{"showFog":true,"showMaterialUpdate":true,"showSkybox":true,"showFlares":true,"showImageEffects":true,"showParticleSystems":true},"in2DMode":false,"pivot":{"x":-27.63405990600586,"y":36.212406158447269,"z":30.671363830566408},"rotation":{"x":0.00021535424457397312,"y":0.7107064723968506,"z":-0.00022260814148467034,"w":0.7034994959831238},"size":6.223288536071777,"orthographic":false}